{
  "initial_capital": 100000,
  "final_value": 165496.64535585506,
  "total_return_pct": 65.49664535585505,
  "sharpe_ratio": 2.5521287109872777,
  "max_drawdown_pct": -9.453201881092337,
  "annual_return_pct": 68.97796313370654,
  "trading_days": 242,
  "fee": 0,
  "turnover": 2329536.9606760014,
  "label": "opt09_more_stocks_2022",
  "extra_params": {
    "max_stocks": 6
  },
  "timestamp": "2026-06-21T02:30:51.530455"
}