{
  "initial_capital": 100000,
  "final_value": 403754.41273300763,
  "total_return_pct": 303.75441273300765,
  "sharpe_ratio": 1.8944542062607628,
  "max_drawdown_pct": -13.511677043999981,
  "annual_return_pct": 43.70289607549138,
  "trading_days": 970,
  "fee": 0,
  "turnover": 17040361.074681155,
  "label": "opt10_revenue_growth",
  "extra_params": {
    "min_revenue_growth": 0.0
  },
  "timestamp": "2026-06-20T21:20:10.933371"
}