{
  "sharpe_ratio": 0.7349014239930491,
  "total_return_pct": 8.688274286889385,
  "max_drawdown_pct": -7.549626160839229,
  "label": "r2_temporal_base_2023"
}