{
  "sharpe_ratio": 2.679756773478682,
  "total_return_pct": 57.86253623091907,
  "max_drawdown_pct": -12.459366103749655,
  "label": "r2_temporal_opt_2021"
}