{
  "sharpe_ratio": 1.6278103125583823,
  "total_return_pct": 18.426660143737447,
  "max_drawdown_pct": -9.03153512882854,
  "label": "r2_temporal_base_2020"
}