{
  "sharpe_ratio": 1.1151166192852062,
  "total_return_pct": 13.397304091122017,
  "max_drawdown_pct": -6.736105298667126,
  "label": "r2_temporal_opt_2023"
}