{
  "sharpe_ratio": 1.7099394349220507,
  "total_return_pct": 15.039085968107187,
  "max_drawdown_pct": -10.635030000000013,
  "label": "r2_temporal_base_2024"
}