{
  "sharpe_ratio": 2.607452819658946,
  "total_return_pct": 57.74889400345783,
  "max_drawdown_pct": -12.511231047059153,
  "label": "r2_temporal_base_2021"
}