{
  "sharpe_ratio": 2.675530767301712,
  "total_return_pct": 68.03676140064705,
  "max_drawdown_pct": -8.803086639223483,
  "label": "r2_temporal_opt_2022"
}