{
  "sharpe_ratio": 2.0555768459190285,
  "total_return_pct": 18.53938629928317,
  "max_drawdown_pct": -10.679356000000015,
  "label": "r2_temporal_opt_2024"
}