{
  "sharpe_ratio": 2.5521287109872777,
  "total_return_pct": 65.49664535585505,
  "max_drawdown_pct": -9.453201881092337,
  "label": "r2_temporal_base_2022"
}