{
  "initial_capital": 1000000,
  "final_value": 4046546.336614664,
  "total_return_pct": 304.65463366146645,
  "sharpe_ratio": 1.405322847281701,
  "max_drawdown_pct": -21.008839637748007,
  "annual_return_pct": 27.41391168787619,
  "trading_days": 1454,
  "label": "baseline",
  "extra_params": null,
  "timestamp": "2026-05-04T20:30:36.595681"
}