{
  "initial_capital": 1000000,
  "final_value": 3974123.293964856,
  "total_return_pct": 297.4123293964856,
  "sharpe_ratio": 1.389182168514815,
  "max_drawdown_pct": -21.008839637748,
  "annual_return_pct": 27.01572986764682,
  "trading_days": 1454,
  "label": "opt03_roe_threshold",
  "extra_params": {
    "min_roe": 0.05
  },
  "timestamp": "2026-05-04T22:20:55.632023"
}