{
  "initial_capital": 1000000,
  "final_value": 5653601.407966177,
  "total_return_pct": 465.3601407966177,
  "sharpe_ratio": 1.6803530908534106,
  "max_drawdown_pct": -19.852212499031566,
  "annual_return_pct": 35.01724265802943,
  "trading_days": 1454,
  "label": "opt12_combined_biweekly_15",
  "extra_params": {
    "rebalance_freq": "biweekly",
    "max_stocks": 15
  },
  "timestamp": "2026-05-05T02:02:45.074451"
}