{
  "label": "opt03_industry_limit",
  "extra_params": {
    "max_industry_stocks": 3
  },
  "sharpe_ratio": 0.6664018043565473,
  "max_drawdown_pct": -26.921583372907342,
  "total_return_pct": 59.463648666337185,
  "annual_return_pct": 8.423721705837783,
  "trading_days": 1454,
  "timestamp": "2026-05-18T20:21:36.111052"
}