{
  "label": "opt02_stop_loss",
  "extra_params": {
    "stop_loss": -0.05
  },
  "sharpe_ratio": 0.7466971607952831,
  "max_drawdown_pct": -26.096869620784783,
  "total_return_pct": 67.76026578266195,
  "annual_return_pct": 9.381025499452079,
  "trading_days": 1454,
  "timestamp": "2026-05-18T20:01:38.145139"
}