{
  "initial_capital": 1000000,
  "final_value": 3541228.0138298622,
  "total_return_pct": 254.12280138298624,
  "sharpe_ratio": 1.2952936735110234,
  "max_drawdown_pct": -19.83980018890999,
  "annual_return_pct": 24.502078800579863,
  "trading_days": 1454,
  "label": "opt05_cashflow_threshold",
  "extra_params": {
    "min_operate_cashflow": 0.5
  },
  "timestamp": "2026-05-04T22:57:42.753129"
}