{
  "initial_capital": 1000000,
  "final_value": 2748292.5520765907,
  "total_return_pct": 174.82925520765906,
  "sharpe_ratio": 1.0476390111532532,
  "max_drawdown_pct": -23.134547818620756,
  "annual_return_pct": 19.150589138639784,
  "trading_days": 1454,
  "label": "opt10_max_stocks_30",
  "extra_params": {
    "max_stocks": 30
  },
  "timestamp": "2026-05-05T01:31:42.315699"
}