{
  "initial_capital": 1000000,
  "final_value": 1682782.6639654809,
  "total_return_pct": 68.27826639654808,
  "sharpe_ratio": 0.5930323147233617,
  "max_drawdown_pct": -34.87981296318881,
  "annual_return_pct": 9.439486425840581,
  "trading_days": 1454,
  "fee": 0,
  "turnover": 144856845.80684564,
  "label": "freq_weekly",
  "extra_params": {
    "rebalance_freq": "weekly"
  },
  "timestamp": "2026-05-17T10:07:22.171774"
}