{
  "initial_capital": 1000000,
  "final_value": 1866891.3670751546,
  "total_return_pct": 86.68913670751546,
  "sharpe_ratio": 0.6770036048607799,
  "max_drawdown_pct": -29.626039505104796,
  "annual_return_pct": 11.426629994142324,
  "trading_days": 1454,
  "fee": 0,
  "turnover": 28538353.827029217,
  "label": "opt08_composite_score",
  "extra_params": {
    "use_composite_score": true
  },
  "timestamp": "2026-05-16T20:04:19.637753"
}