{
  "initial_capital": 1000000,
  "final_value": 1544971.211625073,
  "total_return_pct": 54.49712116250731,
  "sharpe_ratio": 0.4617328003101667,
  "max_drawdown_pct": -29.113017209897613,
  "annual_return_pct": 7.830777421773383,
  "trading_days": 1454,
  "fee": 0,
  "turnover": 33991101.48831204,
  "label": "opt10_vol_dividend_combo",
  "extra_params": {
    "max_volatility": 0.05,
    "min_dividend_yield": 0.02
  },
  "timestamp": "2026-05-16T20:21:58.960831"
}