{
  "initial_capital": 1000000,
  "final_value": 1107732.5320000001,
  "total_return_pct": 10.773253200000012,
  "sharpe_ratio": 0.5495746471797656,
  "max_drawdown_pct": -16.0834390216189,
  "annual_return_pct": 11.24258279515482,
  "trading_days": 242,
  "fee": 0,
  "turnover": 8450360.0,
  "label": "review_monthly_2024",
  "extra_params": {
    "rebalance_freq": "monthly"
  },
  "timestamp": "2026-05-16T21:08:38.816726"
}