{
  "initial_capital": 1000000,
  "final_value": 2768627.0578446207,
  "total_return_pct": 176.86270578446207,
  "sharpe_ratio": 1.0643868230181652,
  "max_drawdown_pct": -48.17984979029731,
  "annual_return_pct": 30.285946020583342,
  "trading_days": 970,
  "fee": 0,
  "turnover": 65980280.88272923,
  "label": "opt09_debt_ratio",
  "extra_params": {
    "max_debt_ratio": 0.6
  },
  "timestamp": "2026-06-01T14:23:17.943424"
}