{
  "initial_capital": 1000000,
  "final_value": 2768627.0578446207,
  "total_return_pct": 176.86270578446207,
  "sharpe_ratio": 1.0643868230181652,
  "max_drawdown_pct": -48.17984979029731,
  "annual_return_pct": 30.285946020583342,
  "trading_days": 970,
  "fee": 0,
  "turnover": 65980280.88272923,
  "label": "r4_opt03_score_growth",
  "extra_params": {
    "score_mode": "composite",
    "growth_weight": 1.0
  },
  "timestamp": "2026-06-02T17:38:19.243873"
}