{
  "initial_capital": 1000000,
  "final_value": 1022148.9983333001,
  "total_return_pct": 2.2148998333300116,
  "sharpe_ratio": 0.21454972207383607,
  "max_drawdown_pct": -12.755313848002098,
  "annual_return_pct": 2.3074727043475685,
  "trading_days": 242,
  "fee": 0,
  "turnover": 4362771.831,
  "label": "baseline_2022",
  "extra_params": null,
  "timestamp": "2026-06-29T17:19:10.491645"
}