{
  "initial_capital": 1000000,
  "final_value": 1814076.8485374937,
  "total_return_pct": 81.40768485374937,
  "sharpe_ratio": 0.9065135461049232,
  "max_drawdown_pct": -23.05029465927471,
  "annual_return_pct": 16.733940507383128,
  "trading_days": 970,
  "fee": 0,
  "turnover": 35029384.341040015,
  "label": "baseline_is_review",
  "extra_params": null,
  "timestamp": "2026-06-29T16:34:23.308000"
}