{
  "initial_capital": 1000000,
  "final_value": 1104345.154382464,
  "total_return_pct": 10.434515438246402,
  "sharpe_ratio": 0.6507558355470503,
  "max_drawdown_pct": -22.36171407942966,
  "annual_return_pct": 10.888375521665083,
  "trading_days": 242,
  "fee": 0,
  "turnover": 7882914.945660002,
  "label": "baseline_2023",
  "extra_params": null,
  "timestamp": "2026-06-29T17:24:24.561550"
}