{
  "initial_capital": 1000000,
  "final_value": 1260933.2259128,
  "total_return_pct": 26.093322591280003,
  "sharpe_ratio": 1.4283080289227745,
  "max_drawdown_pct": -13.766908734274208,
  "annual_return_pct": 27.180762745087627,
  "trading_days": 243,
  "fee": 0,
  "turnover": 10094604.324000003,
  "label": "baseline_2021",
  "extra_params": null,
  "timestamp": "2026-06-29T17:04:11.937997"
}