{
  "initial_capital": 1000000,
  "final_value": 1958577.5805041604,
  "total_return_pct": 95.85775805041604,
  "sharpe_ratio": 1.0234851049687903,
  "max_drawdown_pct": -18.17424567430484,
  "annual_return_pct": 19.081530703752314,
  "trading_days": 970,
  "fee": 0,
  "turnover": 43463688.78039999,
  "label": "opt09_sens_yoy10",
  "extra_params": {
    "warm_min_profit_yoy": 10
  },
  "timestamp": "2026-06-29T16:54:43.183654"
}