{
  "initial_capital": 1000000,
  "final_value": 1639462.2902755286,
  "total_return_pct": 63.94622902755286,
  "sharpe_ratio": 0.771359948608577,
  "max_drawdown_pct": -22.64394548771284,
  "annual_return_pct": 13.704618116577238,
  "trading_days": 970,
  "fee": 0,
  "turnover": 48351368.20736004,
  "label": "opt05_biweekly",
  "extra_params": {
    "rebalance_freq": "biweekly"
  },
  "timestamp": "2026-06-29T14:55:16.608289"
}