{
  "initial_capital": 1000000,
  "final_value": 1814076.8485374937,
  "total_return_pct": 81.40768485374937,
  "sharpe_ratio": 0.9065135461049232,
  "max_drawdown_pct": -23.05029465927471,
  "annual_return_pct": 16.733940507383128,
  "trading_days": 970,
  "fee": 0,
  "turnover": 35029384.341040015,
  "label": "opt04_cold_position",
  "extra_params": {
    "cold_position_ratio": 0.8
  },
  "timestamp": "2026-06-29T14:48:23.204668"
}