{
  "initial_capital": 1000000,
  "final_value": 1764780.0687724291,
  "total_return_pct": 76.4780068772429,
  "sharpe_ratio": 0.8676025126720407,
  "max_drawdown_pct": -22.439609118972392,
  "annual_return_pct": 15.901401997948717,
  "trading_days": 970,
  "fee": 0,
  "turnover": 43337417.50419999,
  "label": "opt03_industry_limit",
  "extra_params": {
    "max_same_industry": 2
  },
  "timestamp": "2026-06-29T14:42:23.755921"
}