{
  "initial_capital": 1000000,
  "final_value": 1003670.3040516,
  "total_return_pct": 0.36703040516000474,
  "sharpe_ratio": 0.11512893516245186,
  "max_drawdown_pct": -16.46511719843149,
  "annual_return_pct": 0.3822258999326644,
  "trading_days": 242,
  "fee": 0,
  "turnover": 4698842.606,
  "label": "opt09_2022",
  "extra_params": {
    "warm_min_profit_yoy": 5
  },
  "timestamp": "2026-06-29T17:15:59.938715"
}