{
  "initial_capital": 1000000,
  "final_value": 1845235.1676086057,
  "total_return_pct": 84.52351676086057,
  "sharpe_ratio": 0.9525709577402809,
  "max_drawdown_pct": -18.671293527544474,
  "annual_return_pct": 17.251549842128576,
  "trading_days": 970,
  "fee": 0,
  "turnover": 42432493.511700004,
  "label": "opt09_sens_yoy7",
  "extra_params": {
    "warm_min_profit_yoy": 7
  },
  "timestamp": "2026-06-29T16:50:53.561586"
}