{
  "initial_capital": 1000000,
  "final_value": 1142982.4281558103,
  "total_return_pct": 14.298242815581034,
  "sharpe_ratio": 0.9309119441411632,
  "max_drawdown_pct": -17.521722542608416,
  "annual_return_pct": 14.931184439838763,
  "trading_days": 242,
  "fee": 0,
  "turnover": 8634461.239999998,
  "label": "opt09_2023",
  "extra_params": {
    "warm_min_profit_yoy": 5
  },
  "timestamp": "2026-06-29T17:21:51.147684"
}