{
  "sharpe_ratio": 2.0329110540220543,
  "total_return_pct": 49.58025354626007,
  "max_drawdown_pct": -14.322475837925072,
  "label": "baseline_temp_2023",
  "extra_params": null
}