{
  "sharpe_ratio": 1.379867001606507,
  "total_return_pct": 19.213848963674764,
  "max_drawdown_pct": -11.076810674361955,
  "label": "baseline_temp_2020",
  "extra_params": null
}