{
  "sharpe_ratio": 1.0521733652072873,
  "total_return_pct": 21.460765888337022,
  "max_drawdown_pct": -12.953346175938426,
  "label": "baseline_temp_2021",
  "extra_params": null
}