{
  "sharpe_ratio": 1.0834637194130567,
  "total_return_pct": 158.5919633520818,
  "max_drawdown_pct": -37.88023236100538,
  "label": "baseline_is",
  "extra_params": null
}