{
  "sharpe_ratio": -0.6341935039292101,
  "total_return_pct": -9.508398203100008,
  "max_drawdown_pct": -30.1579638580332,
  "label": "baseline_temp_2024",
  "extra_params": null
}