{
  "sharpe_ratio": 1.0305771319942691,
  "total_return_pct": 29.68865943321497,
  "max_drawdown_pct": -20.661001430612444,
  "label": "baseline_temp_2022",
  "extra_params": null
}