{
  "sharpe_ratio": -0.7721678856631462,
  "total_return_pct": -10.933939621170028,
  "max_drawdown_pct": -29.68517616487002,
  "label": "opt01_volatility_filter_temp_2024",
  "extra_params": {
    "max_volatility": 0.03
  }
}