{
  "sharpe_ratio": 1.2422275504218805,
  "total_return_pct": 170.92489615229124,
  "max_drawdown_pct": -34.17496738626218,
  "label": "opt01_volatility_filter_sens_-20%",
  "extra_params": {
    "max_volatility": 0.024
  }
}