{
  "sharpe_ratio": 1.1216864344158335,
  "total_return_pct": 161.2765016980162,
  "max_drawdown_pct": -35.59129203081842,
  "label": "opt01_volatility_filter_sens_+10%",
  "extra_params": {
    "max_volatility": 0.033
  }
}