{
  "sharpe_ratio": 1.0696207943896539,
  "total_return_pct": 31.385400141225055,
  "max_drawdown_pct": -20.400417570000002,
  "label": "opt04_arbr_period_short_temp_2022",
  "extra_params": {
    "arbr_period": 14
  }
}