{
  "sharpe_ratio": 1.1561397173293415,
  "total_return_pct": 178.7493140737547,
  "max_drawdown_pct": -36.52961411011261,
  "label": "opt04_arbr_period_short_sens_+10%",
  "extra_params": {
    "arbr_period": 15
  }
}