{
  "initial_capital": 1000000,
  "final_value": 3157247.507246712,
  "total_return_pct": 215.7247507246712,
  "sharpe_ratio": 1.2195270045359603,
  "max_drawdown_pct": -37.43164810356659,
  "annual_return_pct": 34.808505258810655,
  "trading_days": 970,
  "fee": 0,
  "turnover": 259429567.79861566,
  "label": "opt07_turnover_control",
  "extra_params": {
    "max_turnover_ratio": 0.5
  },
  "timestamp": "2026-06-22T17:11:59.111720"
}