{
  "sharpe_ratio": 1.1985426034101883,
  "total_return_pct": 185.43356153523732,
  "max_drawdown_pct": -38.02985875448911,
  "label": "opt04_arbr_period_short_sens_+20%",
  "extra_params": {
    "arbr_period": 17
  }
}