{
  "sharpe_ratio": 1.1491875818141464,
  "total_return_pct": 156.40675692757972,
  "max_drawdown_pct": -34.12750094694819,
  "label": "opt01_volatility_filter_sens_-10%",
  "extra_params": {
    "max_volatility": 0.027
  }
}