{
  "sharpe_ratio": 1.2195270045359603,
  "total_return_pct": 215.7247507246712,
  "max_drawdown_pct": -37.43164810356659,
  "label": "opt07_turnover_control_sens_base",
  "extra_params": {
    "max_turnover_ratio": 0.5
  }
}