{
  "baseline_is": {
    "sharpe": 2.8915208924471565,
    "return_pct": 217.5282133610399,
    "drawdown_pct": -7.752713429737547,
    "annual_pct": 35.00813652066419,
    "final_value": 635056.4267220797,
    "days": 970
  },
  "baseline_oos": {
    "sharpe": 1.6095400708691163,
    "return_pct": 45.828431965166175,
    "drawdown_pct": -14.876463055592538,
    "annual_pct": 21.753902451363683,
    "final_value": 291656.86393033236,
    "days": 483
  },
  "sweep_is": {
    "0.002": {
      "sharpe": 3.7171397211240005,
      "return_pct": 327.56526094604044,
      "drawdown_pct": -7.017892485985492,
      "annual_pct": 45.858090457779355,
      "final_value": 855130.5218920809,
      "days": 970
    },
    "0.0025": {
      "sharpe": 3.7341712928371056,
      "return_pct": 330.92766656950647,
      "drawdown_pct": -7.532506939248703,
      "annual_pct": 46.15522073480627,
      "final_value": 861855.3331390129,
      "days": 970
    },
    "0.003": {
      "sharpe": 3.360751297155583,
      "return_pct": 285.4588206581292,
      "drawdown_pct": -8.4907706593615,
      "annual_pct": 41.9820546870707,
      "final_value": 770917.6413162583,
      "days": 970
    },
    "0.0035": {
      "sharpe": 3.340708503766317,
      "return_pct": 272.5569688404687,
      "drawdown_pct": -8.650823059858217,
      "annual_pct": 40.731827752040026,
      "final_value": 745113.9376809373,
      "days": 970
    },
    "0.004": {
      "sharpe": 3.239448407390604,
      "return_pct": 253.14854096336336,
      "drawdown_pct": -8.653320623177601,
      "annual_pct": 38.789287847425655,
      "final_value": 706297.0819267267,
      "days": 970
    },
    "0.0045": {
      "sharpe": 2.895092939674431,
      "return_pct": 215.69766719268043,
      "drawdown_pct": -7.697505358341883,
      "annual_pct": 34.805500867066975,
      "final_value": 631395.3343853608,
      "days": 970
    },
    "0.005": {
      "sharpe": 2.8915208924471565,
      "return_pct": 217.5282133610399,
      "drawdown_pct": -7.752713429737547,
      "annual_pct": 35.00813652066419,
      "final_value": 635056.4267220797,
      "days": 970
    }
  },
  "oos_results": {
    "0.002": {
      "sharpe": 2.445247010828263,
      "return_pct": 79.86500686765727,
      "drawdown_pct": -11.050165830025145,
      "annual_pct": 35.836242121659744,
      "final_value": 359730.01373531454,
      "days": 483
    },
    "0.003": {
      "sharpe": 2.5802502093860067,
      "return_pct": 85.87125545529402,
      "drawdown_pct": -9.720632985252356,
      "annual_pct": 38.18425327235069,
      "final_value": 371742.510910588,
      "days": 483
    },
    "0.004": {
      "sharpe": 2.4221860336595067,
      "return_pct": 79.54220964196185,
      "drawdown_pct": -11.628031883316762,
      "annual_pct": 35.708997718342616,
      "final_value": 359084.4192839237,
      "days": 483
    },
    "0.005": {
      "sharpe": 1.6095400708691163,
      "return_pct": 45.828431965166175,
      "drawdown_pct": -14.876463055592538,
      "annual_pct": 21.753902451363683,
      "final_value": 291656.86393033236,
      "days": 483
    }
  },
  "best_switch_threshold": 0.0025,
  "sensitivity": {
    "-40": {
      "st": 0.0015,
      "sharpe": 3.5656647847557132
    },
    "-20": {
      "st": 0.002,
      "sharpe": 3.7171397211240005
    },
    "-10": {
      "st": 0.0022500000000000003,
      "sharpe": 3.736367861698339
    },
    "0": {
      "st": 0.0025,
      "sharpe": 3.7341712928371056
    },
    "10": {
      "st": 0.0027500000000000003,
      "sharpe": 3.636554469560796
    },
    "20": {
      "st": 0.003,
      "sharpe": 3.360751297155583
    },
    "40": {
      "st": 0.0034999999999999996,
      "sharpe": 3.340708503766317
    }
  },
  "sensitivity_ratio": 0.10595640288140411,
  "sensitivity_verdict": "PASS"
}