{
  "initial_capital": 1000000,
  "final_value": 1444909.741572689,
  "total_return_pct": 44.4909741572689,
  "sharpe_ratio": 0.5631342639394395,
  "max_drawdown_pct": -28.57701618999843,
  "annual_return_pct": 10.033678032656756,
  "trading_days": 970,
  "fee": 0,
  "turnover": 46945388.58740263,
  "label": "opt10_pe_15",
  "extra_params": {
    "max_pe": 15
  },
  "timestamp": "2026-06-11T16:39:06.136195"
}