{
  "sharpe_ratio": 1.7888110257616867,
  "total_return_pct": 214.86470394475708,
  "max_drawdown_pct": -11.402644246819264,
  "annual_return_pct": 34.713006470361506
}