{
  "initial_capital": 200000,
  "final_value": 279032.88820557017,
  "total_return_pct": 39.51644410278509,
  "sharpe_ratio": 0.8808839811221504,
  "max_drawdown_pct": -12.024229333289712,
  "annual_return_pct": 9.036721319464647,
  "trading_days": 970,
  "fee": 0,
  "turnover": 74465167.72215003,
  "label": "opt02_volatility_002",
  "extra_params": {
    "max_volatility": 0.02
  },
  "timestamp": "2026-05-27T19:17:49.535522"
}