{
  "initial_capital": 200000,
  "final_value": 263605.0818739379,
  "total_return_pct": 31.80254093696896,
  "sharpe_ratio": 2.335753356709453,
  "max_drawdown_pct": -9.148256452451387,
  "annual_return_pct": 33.47424792426721,
  "trading_days": 241,
  "fee": 0,
  "turnover": 53827641.8182193,
  "label": "review_year_2024",
  "extra_params": {
    "switch_threshold": 0.005,
    "spread_threshold": 0.004
  },
  "slippage": 0.0007,
  "timestamp": "2026-05-28T09:55:55.475557"
}