{
  "initial_capital": 200000,
  "final_value": 215277.95905851357,
  "total_return_pct": 7.638979529256787,
  "sharpe_ratio": 0.7858674156753311,
  "max_drawdown_pct": -9.243708750789642,
  "annual_return_pct": 7.966899154853957,
  "trading_days": 242,
  "fee": 0,
  "turnover": 55942994.79978657,
  "label": "review_year_2021",
  "extra_params": {
    "switch_threshold": 0.005,
    "spread_threshold": 0.004
  },
  "slippage": 0.0007,
  "timestamp": "2026-05-28T09:55:15.679062"
}