{
  "initial_capital": 200000,
  "final_value": 227421.97359973894,
  "total_return_pct": 13.710986799869469,
  "sharpe_ratio": 0.5672597822857707,
  "max_drawdown_pct": -16.572489378248907,
  "annual_return_pct": 6.933630176882022,
  "trading_days": 483,
  "fee": 0,
  "turnover": 48965971.52246375,
  "label": "review_oos_st0.008",
  "extra_params": {
    "switch_threshold": 0.008,
    "spread_threshold": 0.004
  },
  "slippage": 0.0007,
  "timestamp": "2026-05-28T09:57:20.420417"
}