{
  "initial_capital": 200000,
  "final_value": 326033.844388318,
  "total_return_pct": 63.01692219415901,
  "sharpe_ratio": 1.2734313493990863,
  "max_drawdown_pct": -11.27167827153725,
  "annual_return_pct": 13.53682360424795,
  "trading_days": 970,
  "fee": 0,
  "turnover": 169876627.3575504,
  "label": "review_perturb_+20%",
  "extra_params": {
    "switch_threshold": 0.006,
    "spread_threshold": 0.004
  },
  "slippage": 0.0007,
  "timestamp": "2026-05-28T09:54:54.689907"
}