{
  "initial_capital": 200000,
  "final_value": 327990.88246980344,
  "total_return_pct": 63.99544123490172,
  "sharpe_ratio": 1.301281232698739,
  "max_drawdown_pct": -11.176071063518616,
  "annual_return_pct": 13.713484164647593,
  "trading_days": 970,
  "fee": 0,
  "turnover": 227180465.6623278,
  "label": "slip_st_0.005",
  "extra_params": {
    "switch_threshold": 0.005
  },
  "slippage": 0.0007,
  "timestamp": "2026-05-28T09:25:00.904111"
}