{
  "initial_capital": 200000,
  "final_value": 326122.6950715596,
  "total_return_pct": 63.06134753577979,
  "sharpe_ratio": 1.2926333689601845,
  "max_drawdown_pct": -11.172276677619664,
  "annual_return_pct": 13.54486108294466,
  "trading_days": 970,
  "fee": 0,
  "turnover": 225853058.23278606,
  "label": "slip_st0.005_sp0.007",
  "extra_params": {
    "switch_threshold": 0.005,
    "spread_threshold": 0.007
  },
  "slippage": 0.0007,
  "timestamp": "2026-05-28T09:28:52.856387"
}