{
  "initial_capital": 200000,
  "final_value": 271295.42811320093,
  "total_return_pct": 35.64771405660046,
  "sharpe_ratio": 0.8538321934573013,
  "max_drawdown_pct": -16.245467913849186,
  "annual_return_pct": 8.243030579860356,
  "trading_days": 970,
  "fee": 0,
  "turnover": 186083955.36858332,
  "label": "slip_notrade_0930_1000",
  "extra_params": {
    "switch_threshold": 0.005,
    "spread_threshold": 0.004,
    "no_trade_start": "09:30",
    "no_trade_end": "10:00"
  },
  "slippage": 0.0007,
  "timestamp": "2026-05-28T09:36:58.146487"
}