{
  "initial_capital": 200000,
  "final_value": 302089.16644726123,
  "total_return_pct": 51.04458322363061,
  "sharpe_ratio": 1.1000524363979696,
  "max_drawdown_pct": -10.328435553735238,
  "annual_return_pct": 11.30903341632228,
  "trading_days": 970,
  "fee": 0,
  "turnover": 111818387.27824552,
  "label": "slip_st_0.007",
  "extra_params": {
    "switch_threshold": 0.007
  },
  "slippage": 0.0007,
  "timestamp": "2026-05-28T09:25:54.783294"
}