{
  "initial_capital": 200000,
  "final_value": 324508.6419309396,
  "total_return_pct": 62.25432096546979,
  "sharpe_ratio": 1.271760353025163,
  "max_drawdown_pct": -10.755946244009145,
  "annual_return_pct": 13.398599535903255,
  "trading_days": 970,
  "fee": 0,
  "turnover": 219432917.27888408,
  "label": "slip_noclose_1445",
  "extra_params": {
    "switch_threshold": 0.005,
    "spread_threshold": 0.004,
    "no_trade_close_start": "14:45"
  },
  "slippage": 0.0007,
  "timestamp": "2026-05-28T09:37:56.638596"
}