{
  "initial_capital": 200000,
  "final_value": 233914.32415436662,
  "total_return_pct": 16.95716207718331,
  "sharpe_ratio": 0.4520539105958509,
  "max_drawdown_pct": -18.615448197458115,
  "annual_return_pct": 4.153279084694472,
  "trading_days": 970,
  "fee": 0,
  "turnover": 67254826.31914224,
  "label": "slip_st0.008_sp0.008",
  "extra_params": {
    "switch_threshold": 0.008,
    "spread_threshold": 0.008
  },
  "slippage": 0.0014,
  "timestamp": "2026-05-28T08:30:17.382776"
}