{
  "initial_capital": 200000,
  "final_value": 321982.86868425494,
  "total_return_pct": 60.99143434212747,
  "sharpe_ratio": 1.2502666585252484,
  "max_drawdown_pct": -11.172284015963108,
  "annual_return_pct": 13.168635720969668,
  "trading_days": 970,
  "fee": 0,
  "turnover": 220467696.34183425,
  "label": "slip_noclose_1455",
  "extra_params": {
    "switch_threshold": 0.005,
    "spread_threshold": 0.004,
    "no_trade_close_start": "14:55"
  },
  "slippage": 0.0007,
  "timestamp": "2026-05-28T09:39:24.030251"
}