{
  "initial_capital": 200000,
  "final_value": 236707.2705691853,
  "total_return_pct": 18.353635284592645,
  "sharpe_ratio": 0.4745060881915915,
  "max_drawdown_pct": -18.577478431021284,
  "annual_return_pct": 4.4749393106474855,
  "trading_days": 970,
  "fee": 0,
  "turnover": 68455238.9951963,
  "label": "slip_st0.008_sp0.003",
  "extra_params": {
    "switch_threshold": 0.008,
    "spread_threshold": 0.003
  },
  "slippage": 0.0014,
  "timestamp": "2026-05-28T08:27:50.565079"
}